episode_id,season,episode,title,source,char_count,word_count,approx_tokens,segment_target_tokens,est_segments
S01E01,1,1,Pilot,ingestion/normalized_docs_txt/scripts/season_01/s01e01_pilot_script.txt,17912,3282,4478,1800,3
S01E02,1,2,Diversity Day,ingestion/normalized_docs_txt/scripts/season_01/s01e02_diversity_day_script.txt,15819,2932,3955,1800,3
S01E03,1,3,Health Care,ingestion/normalized_docs_txt/scripts/season_01/s01e03_health_care_script.txt,17727,3270,4432,1800,3
S01E04,1,4,The Alliance,ingestion/normalized_docs_txt/scripts/season_01/s01e04_the_alliance_script.txt,19240,3482,4810,1800,3
S01E05,1,5,Basketball,ingestion/normalized_docs_txt/scripts/season_01/s01e05_basketball_script.txt,16946,3076,4237,1800,3
S01E06,1,6,Hot Girl,ingestion/normalized_docs_txt/scripts/season_01/s01e06_hot_girl_script.txt,20083,3699,5021,1800,3
S02E01,2,1,The Dundies,ingestion/normalized_docs_txt/scripts/season_02/s02e01_the_dundies_script.txt,19713,3599,4929,1800,3
S02E02,2,2,Sexual Harassment,ingestion/normalized_docs_txt/scripts/season_02/s02e02_sexual_harassment_script.txt,19582,3608,4896,1800,3
S02E03,2,3,Office Olympics,ingestion/normalized_docs_txt/scripts/season_02/s02e03_office_olympics_script.txt,18001,3258,4501,1800,3
S02E04,2,4,The Fire,ingestion/normalized_docs_txt/scripts/season_02/s02e04_the_fire_script.txt,18468,3359,4617,1800,3
S02E05,2,5,Halloween,ingestion/normalized_docs_txt/scripts/season_02/s02e05_halloween_script.txt,18315,3349,4579,1800,3
S02E06,2,6,The Fight,ingestion/normalized_docs_txt/scripts/season_02/s02e06_the_fight_script.txt,16348,2991,4087,1800,3
S02E07,2,7,The Client,ingestion/normalized_docs_txt/scripts/season_02/s02e07_the_client_script.txt,17102,3086,4276,1800,3
S02E08,2,8,Performance Review,ingestion/normalized_docs_txt/scripts/season_02/s02e08_performance_review_script.txt,16109,2907,4028,1800,3
S02E09,2,9,E-mail Surveillance,ingestion/normalized_docs_txt/scripts/season_02/s02e09_e_mail_surveillance_script.txt,18043,3302,4511,1800,3
S02E10,2,10,Christmas Party,ingestion/normalized_docs_txt/scripts/season_02/s02e10_christmas_party_script.txt,19596,3603,4899,1800,3
S02E11,2,11,Booze Cruise,ingestion/normalized_docs_txt/scripts/season_02/s02e11_booze_cruise_script.txt,16511,2978,4128,1800,3
S02E12,2,12,The Injury,ingestion/normalized_docs_txt/scripts/season_02/s02e12_the_injury_script.txt,21624,3979,5406,1800,4
S02E13,2,13,The Secret,ingestion/normalized_docs_txt/scripts/season_02/s02e13_the_secret_script.txt,16723,3122,4181,1800,3
S02E14,2,14,The Carpet,ingestion/normalized_docs_txt/scripts/season_02/s02e14_the_carpet_script.txt,19243,3544,4811,1800,3
S02E15,2,15,Boys and Girls,ingestion/normalized_docs_txt/scripts/season_02/s02e15_boys_and_girls_script.txt,19708,3628,4927,1800,3
S02E16,2,16,Valentine’s Day,ingestion/normalized_docs_txt/scripts/season_02/s02e16_valentine_s_day_script.txt,16979,3136,4245,1800,3
S02E17,2,17,Dwight’s Speech,ingestion/normalized_docs_txt/scripts/season_02/s02e17_dwight_s_speech_script.txt,16819,3075,4205,1800,3
S02E18,2,18,Take Your Daughter to Work Day,ingestion/normalized_docs_txt/scripts/season_02/s02e18_take_your_daughter_to_work_day_script.txt,18971,3450,4743,1800,3
S02E19,2,19,Michael’s Birthday,ingestion/normalized_docs_txt/scripts/season_02/s02e19_michael_s_birthday_script.txt,16688,2968,4172,1800,3
S02E20,2,20,Drug Testing,ingestion/normalized_docs_txt/scripts/season_02/s02e20_drug_testing_script.txt,17953,3322,4489,1800,3
S02E21,2,21,Conflict Resolution,ingestion/normalized_docs_txt/scripts/season_02/s02e21_conflict_resolution_script.txt,21071,3796,5268,1800,3
S02E22,2,22,Casino Night,ingestion/normalized_docs_txt/scripts/season_02/s02e22_casino_night_script.txt,21634,3930,5409,1800,4
S03E01,3,1,Gay Witch Hunt,ingestion/normalized_docs_txt/scripts/season_03/s03e01_gay_witch_hunt_script.txt,15796,2920,3949,1800,3
S03E02,3,2,The Convention,ingestion/normalized_docs_txt/scripts/season_03/s03e02_the_convention_script.txt,19351,3548,4838,1800,3
S03E03,3,3,The Coup,ingestion/normalized_docs_txt/scripts/season_03/s03e03_the_coup_script.txt,19654,3557,4914,1800,3
S03E04,3,4,Grief Counseling,ingestion/normalized_docs_txt/scripts/season_03/s03e04_grief_counseling_script.txt,24434,4568,6109,1800,4
S03E05,3,5,Initiation,ingestion/normalized_docs_txt/scripts/season_03/s03e05_initiation_script.txt,20539,3836,5135,1800,3
S03E06,3,6,Diwali,ingestion/normalized_docs_txt/scripts/season_03/s03e06_diwali_script.txt,18563,3362,4641,1800,3
S03E07,3,7,Branch Closing,ingestion/normalized_docs_txt/scripts/season_03/s03e07_branch_closing_script.txt,17877,3245,4470,1800,3
S03E08,3,8,The Merger,ingestion/normalized_docs_txt/scripts/season_03/s03e08_the_merger_script.txt,33054,5958,8264,1800,5
S03E09,3,9,The Convict,ingestion/normalized_docs_txt/scripts/season_03/s03e09_the_convict_script.txt,15483,2825,3871,1800,3
S03E10,3,10,A Benihana Christmas,ingestion/normalized_docs_txt/scripts/season_03/s03e10_a_benihana_christmas_script.txt,40642,7381,10161,1800,6
S03E11,3,11,Back From Vacation,ingestion/normalized_docs_txt/scripts/season_03/s03e11_back_from_vacation_script.txt,24649,4555,6163,1800,4
S03E12,3,12,Traveling Salesmen,ingestion/normalized_docs_txt/scripts/season_03/s03e12_traveling_salesmen_script.txt,17949,3390,4488,1800,3
S03E13,3,13,The Return,ingestion/normalized_docs_txt/scripts/season_03/s03e13_the_return_script.txt,14408,2577,3602,1800,3
S03E14,3,14,Ben Franklin,ingestion/normalized_docs_txt/scripts/season_03/s03e14_ben_franklin_script.txt,16514,2999,4129,1800,3
S03E15,3,15,Phyllis’ Wedding,ingestion/normalized_docs_txt/scripts/season_03/s03e15_phyllis_wedding_script.txt,14127,2597,3532,1800,2
S03E16,3,16,Business School,ingestion/normalized_docs_txt/scripts/season_03/s03e16_business_school_script.txt,18722,3437,4681,1800,3
S03E17,3,17,Cocktails,ingestion/normalized_docs_txt/scripts/season_03/s03e17_cocktails_script.txt,20364,3769,5091,1800,3
S03E18,3,18,The Negotiation,ingestion/normalized_docs_txt/scripts/season_03/s03e18_the_negotiation_script.txt,24959,4596,6240,1800,4
S03E19,3,19,Safety Training,ingestion/normalized_docs_txt/scripts/season_03/s03e19_safety_training_script.txt,25728,4638,6432,1800,4
S03E20,3,20,Product Recall,ingestion/normalized_docs_txt/scripts/season_03/s03e20_product_recall_script.txt,29618,5326,7405,1800,5
S03E21,3,21,Women’s Appreciation,ingestion/normalized_docs_txt/scripts/season_03/s03e21_women_s_appreciation_script.txt,26428,4786,6607,1800,4
S03E22,3,22,Beach Games,ingestion/normalized_docs_txt/scripts/season_03/s03e22_beach_games_script.txt,30321,5537,7581,1800,5
S03E23,3,23,The Job,ingestion/normalized_docs_txt/scripts/season_03/s03e23_the_job_script.txt,38791,7009,9698,1800,6
S04E01,4,1,Fun Run,ingestion/normalized_docs_txt/scripts/season_04/s04e01_fun_run_script.txt,40994,7593,10249,1800,6
S04E02,4,2,Dunder Mifflin Infinity,ingestion/normalized_docs_txt/scripts/season_04/s04e02_dunder_mifflin_infinity_script.txt,21613,3937,5404,1800,4
S04E03,4,3,Launch Party,ingestion/normalized_docs_txt/scripts/season_04/s04e03_launch_party_script.txt,40595,7510,10149,1800,6
S04E04,4,4,Money,ingestion/normalized_docs_txt/scripts/season_04/s04e04_money_script.txt,37800,6909,9450,1800,6
S04E05,4,5,Local Ad,ingestion/normalized_docs_txt/scripts/season_04/s04e05_local_ad_script.txt,22150,4112,5538,1800,4
S04E06,4,6,Branch Wars,ingestion/normalized_docs_txt/scripts/season_04/s04e06_branch_wars_script.txt,23003,4236,5751,1800,4
S04E07,4,7,Survivor Man,ingestion/normalized_docs_txt/scripts/season_04/s04e07_survivor_man_script.txt,22121,4038,5531,1800,4
S04E08,4,8,The Deposition,ingestion/normalized_docs_txt/scripts/season_04/s04e08_the_deposition_script.txt,23433,4247,5859,1800,4
S04E09,4,9,Dinner Party,ingestion/normalized_docs_txt/scripts/season_04/s04e09_dinner_party_script.txt,23423,4361,5856,1800,4
S04E10,4,10,Chair Model,ingestion/normalized_docs_txt/scripts/season_04/s04e10_chair_model_script.txt,22594,4166,5649,1800,4
S04E11,4,11,Night Out,ingestion/normalized_docs_txt/scripts/season_04/s04e11_night_out_script.txt,22986,4267,5747,1800,4
S04E12,4,12,Did I Stutter?,ingestion/normalized_docs_txt/scripts/season_04/s04e12_did_i_stutter_script.txt,20028,3669,5007,1800,3
S04E13,4,13,Job Fair,ingestion/normalized_docs_txt/scripts/season_04/s04e13_job_fair_script.txt,20528,3752,5132,1800,3
S04E14,4,14,Goodbye Toby,ingestion/normalized_docs_txt/scripts/season_04/s04e14_goodbye_toby_script.txt,42868,7929,10717,1800,6
S05E01,5,1,Weight Loss,ingestion/normalized_docs_txt/scripts/season_05/s05e01_weight_loss_script.txt,41758,7675,10440,1800,6
S05E02,5,2,Business Ethics,ingestion/normalized_docs_txt/scripts/season_05/s05e02_business_ethics_script.txt,22946,4153,5737,1800,4
S05E03,5,3,Baby Shower,ingestion/normalized_docs_txt/scripts/season_05/s05e03_baby_shower_script.txt,21464,3972,5366,1800,3
S05E04,5,4,Crime Aid,ingestion/normalized_docs_txt/scripts/season_05/s05e04_crime_aid_script.txt,17532,3139,4383,1800,3
S05E05,5,5,Employee Transfer,ingestion/normalized_docs_txt/scripts/season_05/s05e05_employee_transfer_script.txt,27074,4883,6769,1800,4
S05E06,5,6,Customer Survey,ingestion/normalized_docs_txt/scripts/season_05/s05e06_customer_survey_script.txt,27050,4915,6763,1800,4
S05E07,5,7,Business Trip,ingestion/normalized_docs_txt/scripts/season_05/s05e07_business_trip_script.txt,19390,3540,4848,1800,3
S05E08,5,8,Frame Toby,ingestion/normalized_docs_txt/scripts/season_05/s05e08_frame_toby_script.txt,18631,3462,4658,1800,3
S05E09,5,9,The Surplus,ingestion/normalized_docs_txt/scripts/season_05/s05e09_the_surplus_script.txt,19581,3575,4896,1800,3
S05E10,5,10,Moroccan Christmas,ingestion/normalized_docs_txt/scripts/season_05/s05e10_moroccan_christmas_script.txt,18492,3392,4623,1800,3
S05E11,5,11,The Duel,ingestion/normalized_docs_txt/scripts/season_05/s05e11_the_duel_script.txt,17425,3160,4357,1800,3
S05E12,5,12,Prince Family Paper,ingestion/normalized_docs_txt/scripts/season_05/s05e12_prince_family_paper_script.txt,17968,3211,4492,1800,3
S05E13,5,13,Stress Relief,ingestion/normalized_docs_txt/scripts/season_05/s05e13_stress_relief_script.txt,33899,6160,8475,1800,5
S05E14,5,14,Lecture Circuit 1,ingestion/normalized_docs_txt/scripts/season_05/s05e14_lecture_circuit_1_script.txt,18694,3462,4674,1800,3
S05E15,5,15,Lecture Circuit 2,ingestion/normalized_docs_txt/scripts/season_05/s05e15_lecture_circuit_2_script.txt,17412,3165,4353,1800,3
S05E16,5,16,Blood Drive,ingestion/normalized_docs_txt/scripts/season_05/s05e16_blood_drive_script.txt,19969,3653,4993,1800,3
S05E17,5,17,Golden Ticket,ingestion/normalized_docs_txt/scripts/season_05/s05e17_golden_ticket_script.txt,21748,4030,5437,1800,4
S05E18,5,18,New Boss,ingestion/normalized_docs_txt/scripts/season_05/s05e18_new_boss_script.txt,19686,3536,4922,1800,3
S05E19,5,19,Two Weeks,ingestion/normalized_docs_txt/scripts/season_05/s05e19_two_weeks_script.txt,17164,3168,4291,1800,3
S05E20,5,20,Dream Team,ingestion/normalized_docs_txt/scripts/season_05/s05e20_dream_team_script.txt,20094,3671,5024,1800,3
S05E21,5,21,Michael Scott Paper Company,ingestion/normalized_docs_txt/scripts/season_05/s05e21_michael_scott_paper_company_script.txt,17658,3292,4415,1800,3
S05E22,5,22,Heavy Competition,ingestion/normalized_docs_txt/scripts/season_05/s05e22_heavy_competition_script.txt,21384,3906,5346,1800,3
S05E23,5,23,Broke,ingestion/normalized_docs_txt/scripts/season_05/s05e23_broke_script.txt,18751,3407,4688,1800,3
S05E24,5,24,Casual Friday,ingestion/normalized_docs_txt/scripts/season_05/s05e24_casual_friday_script.txt,20849,3818,5213,1800,3
S05E25,5,25,Cafe Disco,ingestion/normalized_docs_txt/scripts/season_05/s05e25_cafe_disco_script.txt,19552,3636,4888,1800,3
S05E26,5,26,Company Picnic,ingestion/normalized_docs_txt/scripts/season_05/s05e26_company_picnic_script.txt,18875,3394,4719,1800,3
S06E01,6,1,Gossip,ingestion/normalized_docs_txt/scripts/season_06/s06e01_gossip_script.txt,23416,4137,5854,1800,4
S06E02,6,2,The Meeting,ingestion/normalized_docs_txt/scripts/season_06/s06e02_the_meeting_script.txt,20610,3801,5153,1800,3
S06E03,6,3,The Promotion,ingestion/normalized_docs_txt/scripts/season_06/s06e03_the_promotion_script.txt,21559,3972,5390,1800,3
S06E04,6,4,Niagara,ingestion/normalized_docs_txt/scripts/season_06/s06e04_niagara_script.txt,37763,7018,9441,1800,6
S06E05,6,5,Mafia,ingestion/normalized_docs_txt/scripts/season_06/s06e05_mafia_script.txt,21724,3949,5431,1800,4
S06E06,6,6,The Lover,ingestion/normalized_docs_txt/scripts/season_06/s06e06_the_lover_script.txt,20578,3797,5145,1800,3
S06E07,6,7,Koi Pond,ingestion/normalized_docs_txt/scripts/season_06/s06e07_koi_pond_script.txt,20858,3898,5215,1800,3
S06E08,6,8,Double Date,ingestion/normalized_docs_txt/scripts/season_06/s06e08_double_date_script.txt,22746,4177,5687,1800,4
S06E09,6,9,Murder,ingestion/normalized_docs_txt/scripts/season_06/s06e09_murder_script.txt,20977,3882,5245,1800,3
S06E10,6,10,Shareholder Meeting,ingestion/normalized_docs_txt/scripts/season_06/s06e10_shareholder_meeting_script.txt,21491,3939,5373,1800,3
S06E11,6,11,Scott’s Tots,ingestion/normalized_docs_txt/scripts/season_06/s06e11_scott_s_tots_script.txt,19276,3566,4819,1800,3
S06E12,6,12,Secret Santa,ingestion/normalized_docs_txt/scripts/season_06/s06e12_secret_santa_script.txt,21514,3895,5379,1800,3
S06E13,6,13,The Banker,ingestion/normalized_docs_txt/scripts/season_06/s06e13_the_banker_script.txt,8327,1454,2082,1800,2
S06E14,6,14,Sabre,ingestion/normalized_docs_txt/scripts/season_06/s06e14_sabre_script.txt,20402,3747,5101,1800,3
S06E15,6,15,Manager and Salesman,ingestion/normalized_docs_txt/scripts/season_06/s06e15_manager_and_salesman_script.txt,19369,3571,4843,1800,3
S06E16,6,16,The Delivery,ingestion/normalized_docs_txt/scripts/season_06/s06e16_the_delivery_script.txt,36433,6773,9109,1800,6
S06E17,6,17,St. Patrick’s Day,ingestion/normalized_docs_txt/scripts/season_06/s06e17_st_patrick_s_day_script.txt,19961,3727,4991,1800,3
S06E18,6,18,New Leads,ingestion/normalized_docs_txt/scripts/season_06/s06e18_new_leads_script.txt,20276,3674,5069,1800,3
S06E19,6,19,Happy Hour,ingestion/normalized_docs_txt/scripts/season_06/s06e19_happy_hour_script.txt,19495,3582,4874,1800,3
S06E20,6,20,Secretary’s Day,ingestion/normalized_docs_txt/scripts/season_06/s06e20_secretary_s_day_script.txt,20423,3736,5106,1800,3
S06E21,6,21,Body Language,ingestion/normalized_docs_txt/scripts/season_06/s06e21_body_language_script.txt,22484,4013,5621,1800,4
S06E22,6,22,The Cover-Up,ingestion/normalized_docs_txt/scripts/season_06/s06e22_the_cover_up_script.txt,21627,3915,5407,1800,4
S06E23,6,23,The Chump,ingestion/normalized_docs_txt/scripts/season_06/s06e23_the_chump_script.txt,22828,4161,5707,1800,4
S06E24,6,24,Whistleblower,ingestion/normalized_docs_txt/scripts/season_06/s06e24_whistleblower_script.txt,20381,3850,5096,1800,3
S07E01,7,1,Nepotism,ingestion/normalized_docs_txt/scripts/season_07/s07e01_nepotism_script.txt,18869,3462,4718,1800,3
S07E02,7,2,Counseling,ingestion/normalized_docs_txt/scripts/season_07/s07e02_counseling_script.txt,19017,3533,4755,1800,3
S07E03,7,3,Andy’s Play,ingestion/normalized_docs_txt/scripts/season_07/s07e03_andy_s_play_script.txt,16507,2990,4127,1800,3
S07E04,7,4,Sex Ed,ingestion/normalized_docs_txt/scripts/season_07/s07e04_sex_ed_script.txt,21803,3975,5451,1800,4
S07E05,7,5,The Sting,ingestion/normalized_docs_txt/scripts/season_07/s07e05_the_sting_script.txt,23309,4166,5828,1800,4
S07E06,7,6,Costume Contest,ingestion/normalized_docs_txt/scripts/season_07/s07e06_costume_contest_script.txt,21900,4003,5475,1800,4
S07E07,7,7,Christening,ingestion/normalized_docs_txt/scripts/season_07/s07e07_christening_script.txt,22025,4029,5507,1800,4
S07E08,7,8,Viewing Party,ingestion/normalized_docs_txt/scripts/season_07/s07e08_viewing_party_script.txt,20502,3780,5126,1800,3
S07E09,7,9,WUPHF.com,ingestion/normalized_docs_txt/scripts/season_07/s07e09_wuphf_com_script.txt,21520,3939,5380,1800,3
S07E10,7,10,China,ingestion/normalized_docs_txt/scripts/season_07/s07e10_china_script.txt,20998,3855,5250,1800,3
S07E11,7,11,Classy Christmas,ingestion/normalized_docs_txt/scripts/season_07/s07e11_classy_christmas_script.txt,40088,7351,10022,1800,6
S07E12,7,12,Ultimatum,ingestion/normalized_docs_txt/scripts/season_07/s07e12_ultimatum_script.txt,20144,3627,5036,1800,3
S07E13,7,13,The Seminar,ingestion/normalized_docs_txt/scripts/season_07/s07e13_the_seminar_script.txt,18766,3438,4692,1800,3
S07E14,7,14,The Search,ingestion/normalized_docs_txt/scripts/season_07/s07e14_the_search_script.txt,17795,3354,4449,1800,3
S07E15,7,15,PDA,ingestion/normalized_docs_txt/scripts/season_07/s07e15_pda_script.txt,18577,3383,4645,1800,3
S07E16,7,16,Threat Level Midnight,ingestion/normalized_docs_txt/scripts/season_07/s07e16_threat_level_midnight_script.txt,20495,3685,5124,1800,3
S07E17,7,17,Todd Packer,ingestion/normalized_docs_txt/scripts/season_07/s07e17_todd_packer_script.txt,21339,3912,5335,1800,3
S07E18,7,18,Garage Sale,ingestion/normalized_docs_txt/scripts/season_07/s07e18_garage_sale_script.txt,18362,3486,4591,1800,3
S07E19,7,19,Trainin Day,ingestion/normalized_docs_txt/scripts/season_07/s07e19_trainin_day_script.txt,15338,2734,3835,1800,3
S07E20,7,20,Michael’s Last Dundies,ingestion/normalized_docs_txt/scripts/season_07/s07e20_michael_s_last_dundies_script.txt,22914,4068,5729,1800,4
S07E21,7,21,Goodbye Michael,ingestion/normalized_docs_txt/scripts/season_07/s07e21_goodbye_michael_script.txt,29567,5337,7392,1800,5
S07E22,7,22,The Inner Circle,ingestion/normalized_docs_txt/scripts/season_07/s07e22_the_inner_circle_script.txt,20056,3613,5014,1800,3
S07E23,7,23,"Dwight K. Schrute, (Acting) Manager",ingestion/normalized_docs_txt/scripts/season_07/s07e23_dwight_k_schrute_acting_manager_script.txt,20007,3660,5002,1800,3
S07E24,7,24,Search Committee,ingestion/normalized_docs_txt/scripts/season_07/s07e24_search_committee_script.txt,44684,8107,11171,1800,7
S08E01,8,1,The List,ingestion/normalized_docs_txt/scripts/season_08/s08e01_the_list_script.txt,21827,3999,5457,1800,4
S08E02,8,2,The Incentive,ingestion/normalized_docs_txt/scripts/season_08/s08e02_the_incentive_script.txt,21826,4013,5457,1800,4
S08E03,8,3,Lotto,ingestion/normalized_docs_txt/scripts/season_08/s08e03_lotto_script.txt,24007,4445,6002,1800,4
S08E04,8,4,Garden Party,ingestion/normalized_docs_txt/scripts/season_08/s08e04_garden_party_script.txt,19778,3589,4945,1800,3
S08E05,8,5,Spooked,ingestion/normalized_docs_txt/scripts/season_08/s08e05_spooked_script.txt,20594,3819,5149,1800,3
S08E06,8,6,Doomsday,ingestion/normalized_docs_txt/scripts/season_08/s08e06_doomsday_script.txt,22322,4053,5581,1800,4
S08E07,8,7,Pam’s Replacement,ingestion/normalized_docs_txt/scripts/season_08/s08e07_pam_s_replacement_script.txt,18823,3452,4706,1800,3
S08E08,8,8,Gettysburg,ingestion/normalized_docs_txt/scripts/season_08/s08e08_gettysburg_script.txt,23320,4195,5830,1800,4
S08E09,8,9,Mrs. California,ingestion/normalized_docs_txt/scripts/season_08/s08e09_mrs_california_script.txt,21940,4082,5485,1800,4
S08E10,8,10,Christmas Wishes,ingestion/normalized_docs_txt/scripts/season_08/s08e10_christmas_wishes_script.txt,23296,4208,5824,1800,4
S08E11,8,11,Trivia,ingestion/normalized_docs_txt/scripts/season_08/s08e11_trivia_script.txt,21011,3767,5253,1800,3
S08E12,8,12,Pool Party,ingestion/normalized_docs_txt/scripts/season_08/s08e12_pool_party_script.txt,20354,3711,5089,1800,3
S08E13,8,13,Jury Duty,ingestion/normalized_docs_txt/scripts/season_08/s08e13_jury_duty_script.txt,24229,4465,6058,1800,4
S08E14,8,14,Special Project,ingestion/normalized_docs_txt/scripts/season_08/s08e14_special_project_script.txt,21540,3946,5385,1800,3
S08E15,8,15,Tallahasse,ingestion/normalized_docs_txt/scripts/season_08/s08e15_tallahasse_script.txt,20299,3694,5075,1800,3
S08E16,8,16,After Hours,ingestion/normalized_docs_txt/scripts/season_08/s08e16_after_hours_script.txt,21113,3811,5279,1800,3
S08E17,8,17,Test the Store,ingestion/normalized_docs_txt/scripts/season_08/s08e17_test_the_store_script.txt,19656,3629,4914,1800,3
S08E18,8,18,Last Day In Florida,ingestion/normalized_docs_txt/scripts/season_08/s08e18_last_day_in_florida_script.txt,21938,3975,5485,1800,4
S08E19,8,19,Get The Girl,ingestion/normalized_docs_txt/scripts/season_08/s08e19_get_the_girl_script.txt,18453,3415,4614,1800,3
S08E20,8,20,Welcome Party,ingestion/normalized_docs_txt/scripts/season_08/s08e20_welcome_party_script.txt,20377,3720,5095,1800,3
S08E21,8,21,Angry Andy,ingestion/normalized_docs_txt/scripts/season_08/s08e21_angry_andy_script.txt,20501,3814,5126,1800,3
S08E22,8,22,Fundraiser,ingestion/normalized_docs_txt/scripts/season_08/s08e22_fundraiser_script.txt,18930,3505,4733,1800,3
S08E23,8,23,Turf War,ingestion/normalized_docs_txt/scripts/season_08/s08e23_turf_war_script.txt,19248,3545,4812,1800,3
S08E24,8,24,Free Family Portrait Studio,ingestion/normalized_docs_txt/scripts/season_08/s08e24_free_family_portrait_studio_script.txt,18058,3295,4515,1800,3
S09E01,9,1,New Guys,ingestion/normalized_docs_txt/scripts/season_09/s09e01_new_guys_script.txt,17573,3255,4394,1800,3
S09E02,9,2,Roy’s Wedding,ingestion/normalized_docs_txt/scripts/season_09/s09e02_roy_s_wedding_script.txt,21792,3890,5448,1800,4
S09E03,9,3,Andy’s Ancestry,ingestion/normalized_docs_txt/scripts/season_09/s09e03_andy_s_ancestry_script.txt,18650,3327,4663,1800,3
S09E04,9,4,Work Bus,ingestion/normalized_docs_txt/scripts/season_09/s09e04_work_bus_script.txt,19892,3611,4973,1800,3
S09E05,9,5,Here Comes Treble,ingestion/normalized_docs_txt/scripts/season_09/s09e05_here_comes_treble_script.txt,18825,3503,4707,1800,3
S09E06,9,6,The Boat,ingestion/normalized_docs_txt/scripts/season_09/s09e06_the_boat_script.txt,21430,3918,5358,1800,3
S09E07,9,7,The Whale,ingestion/normalized_docs_txt/scripts/season_09/s09e07_the_whale_script.txt,19987,3686,4997,1800,3
S09E08,9,8,The Target,ingestion/normalized_docs_txt/scripts/season_09/s09e08_the_target_script.txt,19191,3479,4798,1800,3
S09E09,9,9,Dwight Christmas,ingestion/normalized_docs_txt/scripts/season_09/s09e09_dwight_christmas_script.txt,20561,3696,5141,1800,3
S09E10,9,10,Lice,ingestion/normalized_docs_txt/scripts/season_09/s09e10_lice_script.txt,19920,3718,4980,1800,3
S09E11,9,11,Suit Warehouse,ingestion/normalized_docs_txt/scripts/season_09/s09e11_suit_warehouse_script.txt,21675,3939,5419,1800,4
S09E12,9,12,Customer Loyalty,ingestion/normalized_docs_txt/scripts/season_09/s09e12_customer_loyalty_script.txt,19848,3657,4962,1800,3
S09E13,9,13,Junior Salesman,ingestion/normalized_docs_txt/scripts/season_09/s09e13_junior_salesman_script.txt,20219,3751,5055,1800,3
S09E14,9,14,Vandalism,ingestion/normalized_docs_txt/scripts/season_09/s09e14_vandalism_script.txt,21128,3870,5282,1800,3
S09E15,9,15,Couples Discount,ingestion/normalized_docs_txt/scripts/season_09/s09e15_couples_discount_script.txt,20952,3854,5238,1800,3
S09E16,9,16,Moving On,ingestion/normalized_docs_txt/scripts/season_09/s09e16_moving_on_script.txt,33738,6308,8435,1800,5
S09E17,9,17,The Farm,ingestion/normalized_docs_txt/scripts/season_09/s09e17_the_farm_script.txt,17869,3274,4468,1800,3
S09E18,9,18,Promos,ingestion/normalized_docs_txt/scripts/season_09/s09e18_promos_script.txt,20276,3698,5069,1800,3
S09E19,9,19,Stairmageddon,ingestion/normalized_docs_txt/scripts/season_09/s09e19_stairmageddon_script.txt,20245,3652,5062,1800,3
S09E20,9,20,Paper Airplane,ingestion/normalized_docs_txt/scripts/season_09/s09e20_paper_airplane_script.txt,18154,3341,4539,1800,3
S09E21,9,21,Livin’ The Dream,ingestion/normalized_docs_txt/scripts/season_09/s09e21_livin_the_dream_script.txt,28007,5184,7002,1800,4
S09E22,9,22,A.A.R.M,ingestion/normalized_docs_txt/scripts/season_09/s09e22_a_a_r_m_script.txt,34257,6206,8565,1800,5
S09E23,9,23,Finale,ingestion/normalized_docs_txt/scripts/season_09/s09e23_finale_script.txt,39989,7370,9998,1800,6
